28,34,740,25.10613033702122,33.66109941491617,41.23277024806261,10.4338,10.73950066512394,0.02929907273706065,27.18261589542841,33.10953867292881,39.7078454316428,10.6737690552023,0.02299920021490783
29,30,740,28.92239238030245,26.56759977926071,44.51000784043683,11.124,11.7939243951038,0.06022333648901461,29.69212378466289,27.65403450378834,42.65384171154876,11.52002885629069,0.03560129955867413
30,26,740,29.92984292898925,23.49163926694982,46.57851780406094,11.8142,12.30488916659249,0.04153384626910771,30.2410994207231,25.21006898776216,44.54883159151474,11.94688241274556,0.01123075728746404
34,18,740,36.09063956851445,11.89349995917699,52.01586047230856,13.0286,14.03546337370439,0.07728101052334015,35.18011274210506,14.48726063278601,50.33262662510894,13.60966316208775,0.04459904840794454
36,13,740,39.81791756653477,3.929361128299706,56.25272130516552,13.8291,15.26556733587728,0.1038727998117941,38.93370481465956,5.497081462946094,55.56921372239435,15.03591665359578,0.08726646373196929
37,9,740,37.98156972391698,6.030003623763166,55.98842665231985,14.5193,15.01193001244147,0.03392932251840461,36.93799661189087,8.293714563061064,54.76828882504807,14.66097125617335,0.009757443965849256
39,5,740,40.08364959857184,2.307852251325881,57.60849815010228,15.1265,15.55694924313724,0.02845663194640167,39.2943773672695,3.549080029011454,57.15654260371904,15.38252950890871,0.01692589223605686
40,1,740,36.74803397179704,7.513955083615932,55.73801094458703,15.8167,14.82746566267788,-0.06254366190938153,35.66256500663374,10.13255919510985,54.20487579825641,14.41138341203466,-0.08885017658331601
32,35,740,25.43310465976424,44.98019879135969,29.58669654887607,9.908499999999998,8.524379886869738,-0.1396901764273362,29.39682275423673,40.62087130847153,29.98230593729173,9.038049287470804,-0.08784888858345813
34,30,740,31.20148101022699,33.6350619015139,35.16345708825911,10.709,10.23861961058852,-0.04392383877219855,32.8502761541328,32.60031520152535,34.54940864434185,10.30178615075213,-0.03802538511979387
36,26,740,31.64643165740961,33.1708390150154,35.18272932757499,11.3162,10.29142299083252,-0.09055840380759216,33.19774198753139,32.23665552451491,34.5656024879537,10.34324190214616,-0.0859792242849928
37,22,740,35.7350154733834,22.69434664787815,41.57063787873845,12.0064,11.97717650867433,-0.002433992814304717,35.75043260529446,23.87575076097968,40.37381663372586,11.74753147166319,-0.02156087822634711
38,18,740,34.6298547223666,23.86195436197528,41.50819091565812,12.6966,11.84320627987375,-0.06721435030844879,34.81151490024504,24.93412662198858,40.25435847776638,11.62087758724927,-0.08472523453134924
40,14,740,33.7117449984089,25.4169258496601,40.87132915193099,13.3038,11.61883339839276,-0.1266530315855046,34.11273093751623,26.25418356469205,39.63308549779172,11.42370964913118,-0.1413197996714338
42,10,740,40.49851727748425,12.59492612320554,46.90655659931021,13.911,13.53402384635318,-0.0270991412297336,39.70745031320712,14.32604042596754,45.96650926082534,13.26505800966428,-0.04643390053452061
43,6,740,39.17161622918569,13.50819841479577,47.32018535601853,14.6012,13.46762109939756,-0.07763600941035226,38.40049009762986,15.41846117012002,46.18104873225013,13.16237077771252,-0.09854184740209555
45,1,740,41.28990962254709,7.471534389658625,51.23855598779429,15.4017,14.45868990380758,-0.06122766293282043,40.44090586315878,8.985222230888139,50.57387190595308,14.23656135612714,-0.07565000252393284
37,35,740,32.67439417255545,41.6706092437399,25.65499658370464,9.493499999999999,8.563096516862974,-0.09800426430052411,35.42807813619437,38.19070707245947,26.38121479134617,9.007205837589455,-0.05122390713757251
38,31,740,41.74604102697253,22.7425745236874,35.51138444934007,10.1837,11.4689389393325,0.1262054989181247,41.58411578202993,23.36879981373727,35.04708440423281,11.3613293860961,0.1156386564898911
40,27,740,42.74507284213626,20.40592137533631,36.84900578252743,10.7909,11.83769435225018,0.09700714048412859,42.37919234399305,21.25652383708408,36.36428381892287,11.70364097774022,0.0845843236189962
41,23,740,39.42638962736,25.14676091283505,35.42684945980496,11.4811,11.19674077647811,-0.02476759400422386,39.56657772432031,25.54632209860077,34.88710017707892,11.10786998722188,-0.03250821025669282
43,19,740,41.64350549575038,20.59769784496621,37.75879665928342,12.0883,11.89205405042075,-0.01623437121673423,41.3139614933368,21.52035173739309,37.16568676927011,11.74105720521496,-0.02872552755846872
45,14,740,44.24786535646194,15.91871198275408,39.83342266078397,12.8888,12.58034014914729,-0.02393239485853647,43.62312028722376,16.9877219558182,39.38915775695804,12.42555436210077,-0.03594171977990405
46,10,740,44.99205173186692,12.7465429854939,42.26140528263917,13.579,13.13175294715907,-0.03293667080351478,44.29472375631867,13.78032381995928,41.92495242372205,12.98980133382742,-0.04339043126685174
48,6,740,49.12664671392598,3.889463671563421,46.9838896145106,14.1862,14.50065499503093,0.02216625981805807,49.12066805455697,2.905718409178361,47.97361353626466,14.69130918297759,0.03560567191901941
50,2,740,53.49030021761794,-3.89155333056557,50.40125311294764,14.7934,15.64254234073604,0.05740007981505518,56.82441603133763,-11.74819513868549,54.92377910734786,16.88449958970688,0.1413535488600918
41,36,740,39.77018993413339,37.33963143877464,22.89017862709197,8.9682,8.81132347835179,-0.01749253157246822,41.32309170077652,35.01921220615628,23.6576960930672,9.130969669385541,0.01814964757538208
44,32,740,41.218522013751,36.49339703218679,22.28808095406221,9.4924,8.85468902653696,-0.06718121586353716,42.55398130741106,34.38901307509616,23.05700561749278,9.150623324068794,-0.03600529644043714
44,28,740,48.71133921990225,18.68817548605929,32.60048529403846,10.2656,11.67453452329285,0.1372481416861022,48.15830136422311,19.26415771032685,32.57754092545004,11.6090993013633,0.1308739188516309
46,23,740,45.15011174413959,24.007620477204,30.84226777865641,11.0661,10.94186768699288,-0.0112263862613855,44.9785135547942,24.26616931488151,30.7553171303243,10.90613284638549,-0.01445560347498334
48,19,740,46.58855037109172,21.65185954634878,31.7595900825595,11.6733,11.27784586889017,-0.03387680699629337,46.21446191803771,22.12020117993202,31.66533690203027,11.21836477272201,-0.03897228952207066
49,15,740,46.77331366540615,18.60181976311438,34.62486657147947,12.3635,11.85208320556128,-0.04136504990000551,46.24204494531519,19.30177576755029,34.45617928713452,11.76087701367137,-0.04874210266741888
51,11,740,48.91866666469614,15.13839798649501,35.94293534880885,12.9707,12.34349833604073,-0.04835526717596319,48.29333847775242,15.76386341229705,35.94279810995053,12.27449810874953,-0.05367496675202349
53,6,740,52.75317354630735,6.932318469184515,40.31450798450813,13.7712,13.61146943556312,-0.01159888495097576,52.65214336857058,6.11665937376937,41.23119725766004,13.77752184345902,0.0004590626422550913
54,2,740,50.78987076457548,7.977633377912558,41.23249585751196,14.4614,13.57236419458974,-0.06147646876583614,50.46293105707694,7.704137793468664,41.8329311494544,13.65236688678512,-0.05594431474234021
46,36,740,44.36310438302361,37.54695045373187,18.08994516324452,8.553199999999999,8.39003681350267,-0.01907627396732552,45.5909979971641,35.23768392050388,19.17131808233203,8.73450286440198,0.02119707997030137
48,32,740,42.98076304357579,42.02890600330779,14.99033095311642,9.160399999999999,7.638409136943812,-0.1661489523444596,44.89301669984858,38.53777003414619,16.56921326600523,8.154528666312109,-0.1098064859272402
49,28,740,51.01171482177828,24.47849992576942,24.5097852524523,9.8506,10.36433363414117,0.0521525220942046,50.65108796584174,24.57634021114479,24.77257182301347,10.37535313602085,0.05327118510759227
50,24,740,47.34239477741695,29.10992622670425,23.5476789958788,10.5408,9.77363249385246,-0.07278076674896961,47.48789789437936,28.56959837252586,23.94250373309478,9.866001109357263,-0.06401780610985273
52,20,740,53.70791669699258,16.51893834222339,29.77314496078403,11.148,11.67913213259783,0.04764371480066688,53.07812296362653,16.89982020248688,30.02205683388658,11.65778054887828,0.04572843100809854
54,15,740,53.90091108737141,15.04693238125173,31.05215653137686,11.9485,11.94765235045221,-7.094192139486034e-05,53.29426436909756,15.35426741855071,31.35146821235173,11.93859616535905,-0.00082887681641626
56,11,740,57.89174920254224,6.992737419439688,35.11551337801806,12.5557,13.1732886730113,0.04918791250279182,58.10103632700388,5.547214064169974,36.35174960882615,13.43533750625462,0.07005881840555468
57,7,740,58.5960590079671,4.199873027179322,37.20406796485358,13.2459,13.65469164618497,0.03086174938546792,59.45349896638731,1.488741279881315,39.05775975373137,14.10758589638879,0.06505302745670691
59,3,740,60.29302461713424,0.2340112593222869,39.47296412354348,13.8531,14.28044458035086,0.03084829968388727,62.80610596134916,-5.57971037195561,42.77360441060645,15.19565122010704,0.09691341433376202
50,37,740,48.32250864088542,40.93997128655737,10.7375200725572,8.027899999999999,7.40553533311497,-0.07752521417618918,49.62916881457664,38.00799150739537,12.362839678028,7.863834230010614,-0.02043694739463435
52,33,740,49.57944428668591,37.7520106261917,12.66854508712239,8.6351,7.917442470162213,-0.08310934787527488,50.41905118325318,35.6312139178964,13.94973489885042,8.25770510146061,-0.04370475136818211
54,28,740,52.71042644511638,30.23619568173575,17.05337787314787,9.435599999999999,9.110377979775819,-0.0344675505769829,52.63558863393389,29.66940897371,17.69500239235611,9.226149388765343,-0.02219791123348342
56,24,740,54.43753639116184,28.02841753106507,17.53404607777309,10.0428,9.393791370778688,-0.06462427104207111,54.11273095829057,27.84084841856145,18.04642062314798,9.457007331153953,-0.05832961612757863
57,20,740,58.23075392041704,17.85063179440679,23.91861428517618,10.733,11.04632029874655,0.02919223877262217,57.52022514330592,18.26152991799271,24.21824493870136,11.02586757995762,0.02728664678632417
59,16,740,61.04662741058185,12.2742199522025,26.67915263721565,11.3402,11.89052320816096,0.04852852755339084,60.6397382644202,12.09186367006491,27.26839806551489,11.95954447662958,0.05461495182003639
60,12,740,58.26096966262984,15.83059603585022,25.90843430151994,12.0304,11.43428530427187,-0.04955069621360269,57.61200112576905,16.11624463879553,26.27175423543542,11.43293381788199,-0.04966303548660132
62,7,740,61.61311296671366,8.461679305902976,29.92520772738337,12.8309,12.58046901393172,-0.01951780358885808,61.73734163579391,7.278122021485032,30.98453634272106,12.79893965747605,-0.002490888598925413
64,3,740,63.75023329896286,4.132109848606913,32.11765685243023,13.4381,13.23999380245037,-0.01474212854120977,65.05878837188467,0.8299151030066391,34.11129652510868,13.76969797572239,0.02467595684824407
55,37,740,54.44517319480203,38.18121390157906,7.373612903618906,7.6129,7.430621977656198,-0.02394330969063059,54.92353968377591,36.35839967832285,8.718060637901232,7.743267548426791,0.01712455810884036
57,33,740,52.2413864173255,41.61331773822178,6.145295844452718,8.220099999999999,6.950110608563713,-0.1544980464272072,53.27309875140208,38.84076955286009,7.886131695737831,7.400412049065771,-0.09971751571565159
58,29,740,58.89230282630852,28.57329548194931,12.53440169174218,8.910299999999999,8.918720848755591,0.0009450690499299953,58.32776623215641,28.64185644984014,13.03037731800345,8.952324550976918,0.004716401353143981
60,25,740,62.47016047463588,22.19239698670372,15.33744253866039,9.5175,9.85518634307539,0.03548057190180089,61.55866227709033,22.92784871222491,15.51348901068476,9.788677874928428,0.02849255318396934
62,20,740,65.09186416756793,14.71768297582442,20.19045285660764,10.318,11.082447154865,0.07408869498594685,64.42023212360539,15.1225245239737,20.45724335242091,11.05993674325664,0.07190703074788096
64,16,740,63.79620478907347,16.98587722934747,19.21791798157906,10.9252,10.75154493407404,-0.01589490956009624,62.98732870015299,17.59214709031821,19.4205242095288,10.70148968532879,-0.02047654181810923
65,12,740,64.7580460365123,12.15212354537357,23.08983041811414,11.6154,11.60607669764877,-0.0008026673512087803,64.37106611156544,12.03581959090327,23.59311429753129,11.66067758581847,0.003898065139252025
67,8,740,67.55916324183656,7.527947672213124,24.91288908595032,12.2226,12.26743716588877,0.003668382004546393,68.05215791545176,5.988230235697238,25.959611848851,12.52414598845723,0.02467118194633108
68,4,740,66.283214953696,7.411178972449664,26.30560607385433,12.9128,12.39591226346871,-0.0400290979904659,66.77457718121511,5.783255219326319,27.44216759945857,12.66980686006337,-0.0188180053850932
60,38,740,58.72004975826575,41.11405629646522,0.1658939452690262,7.004599999999999,6.508888787957216,-0.07076938184090217,59.08662442604621,39.19956502582593,1.713810548127867,6.848534253146012,-0.02228046524483719
61,34,740,65.73969326456046,26.58133162316041,7.678975112279137,7.694799999999999,8.735434056284575,0.1352386100073525,64.65632494895341,27.57824702006728,7.765428030979312,8.632649880257862,0.1218809949911451
63,29,740,63.13510403483942,29.57779172640559,7.287104238754992,8.4953,8.372399224394128,-0.01446691412968023,62.32007040328809,30.01330376079648,7.666625835915433,8.355862539565129,-0.01641348280047457
65,25,740,66.7586081253319,22.74695972963679,10.49443214503131,9.102499999999999,9.392048209858661,0.03180974565873793,65.61161074677163,23.95903514756465,10.42935410566372,9.252954813993707,0.01652895512152792
66,21,740,68.3745907455027,16.74881080194643,14.87659845255087,9.792699999999998,10.41736384010703,0.06378872426471056,67.42849040817858,17.76301920965978,14.80849038216165,10.29984368289394,0.05178793212228958
68,17,740,71.76284571505745,10.65268178077852,17.58447250416403,10.3999,11.31452041742574,0.08794511653244177,71.54373377631782,10.69558230546396,17.76068391821821,11.32441403691944,0.08889643524643841
70,12,740,68.9265166501048,13.26099528726487,17.81248806263032,11.2004,11.045748729013,-0.01380765606469422,68.33606940857834,13.71613220257701,17.94779838884465,11.00677788432986,-0.01728707150370876
72,8,740,71.11035100585501,8.981177129325802,19.90847186481919,11.8076,11.69177932741536,-0.009808993579105417,71.26830427440552,8.323162448206883,20.40853327738759,11.80586344398595,-0.0001470710401819058
73,4,740,73.30542407954309,2.474262943683292,24.22031297677362,12.4978,12.76737477438394,0.0215697782316843,75.93997862131918,-2.184474886413612,26.24449626509443,13.44924076997426,0.07612866024214329
75,0,740,73.506416966552,2.544612734333365,23.94897029911464,13.105,12.73709375022954,-0.02807373138271319,76.10802174391462,-2.029439389120411,25.92141764520579,13.40532482917206,0.02291681260374365
68,30,740,71.7812084160622,23.30008975319144,4.918701830746357,7.887,8.868252352174931,0.1244138902212415,70.28584946017841,25.31122753189012,4.40292300793147,8.603614212890831,0.0908601766059124
69,26,740,72.53588050227197,19.41533353817563,8.048785959552404,8.577199999999999,9.556537945382077,0.1141792129578508,71.17357057719808,21.34623169387699,7.480197728924932,9.296367055666137,0.0838463666075336
71,22,740,71.09335117033277,22.05277769501704,6.853871134650191,9.1844,9.166449924415586,-0.0019544091703774,69.6884018070517,23.90502551799888,6.406572674949413,8.925021217385524,-0.02824123324490182
73,17,740,71.77162930829043,19.47212839670832,8.75624229500125,9.9849,9.608992348328176,-0.03764761306290738,70.45336211411336,21.27646953995418,8.270168345932454,9.369629382455447,-0.06162010811771305
74,13,740,73.0563222231871,14.70216625477698,12.24151152203592,10.6751,10.42439651842708,-0.02348488366131635,72.12665807587908,16.02699007581705,11.84635184830387,10.2454701980466,-0.04024597445957399
76,9,740,76.33909143007186,7.288510188355587,16.37239838157255,11.2823,11.5849863918949,0.02682842965484876,76.89386473055215,6.54315905330835,16.5629762161395,11.68301658235967,0.03551727771462089
78,4,740,76.56576307836774,4.582514338235084,18.85172258339718,12.0828,12.08924164291463,0.000533125013625788,78.16387333636877,2.139638980357914,19.69648768327332,12.42880629817821,0.02863626793278118
79,1,740,77.59509858526204,3.43477475660635,18.97012665813161,12.5797,12.22566485697124,-0.02814336931951941,79.75303145918943,0.2221774171050979,20.02479112370547,12.66755149416086,0.006983592149324733
76,22,740,80.07858996985586,14.17842741618337,5.742982613960777,8.769399999999999,9.942787012953719,0.1338047087547289,78.80314087428702,16.81797823920231,4.378880886510668,9.538424113796371,0.08769403993390328
77,18,740,78.0936424617738,16.11140793200732,5.794949606218882,9.4596,9.73389252241576,0.0289962072831578,76.67868284617141,18.69959203799778,4.621725115830806,9.351038182822801,-0.01147636445274628
79,14,740,80.82020278604061,11.64688801217384,7.532909201785552,10.0668,10.37057971600542,0.0301763932933429,79.97852513472596,13.7377939102138,6.283680955060239,10.03626685097342,-0.003033054101262068
81,9,740,80.39508120483026,8.823955895281452,10.78096289988829,10.8673,10.95153758544118,0.007751473267617846,80.3015367400872,9.691075106040941,10.00738815387186,10.79168763257505,-0.006957787806074557
82,5,740,79.16545687375591,8.945881961009551,11.88866116523453,11.5575,11.03002809641511,-0.0456389274137908,79.1036395208332,9.58415956267433,11.31220091649247,10.91177987630589,-0.05587022484915463
84,1,740,85.69222325556575,-2.599502480886519,16.90727922532077,12.1647,12.72002929934341,0.04565088323948849,93.57914633914947,-13.20764170940394,19.62849537025447,14.11596799627837,0.1604041198121099
84,14,740,84.24046009157313,10.53659966589554,5.22294024253133,9.6518,10.30131709698182,0.06729491876974462,83.3974577714756,13.1629096845546,3.439632543969795,9.863620562943119,0.02194622380728145
85,10,740,87.70806320008214,3.271124577828649,9.020812222089214,10.342,11.4179223734989,0.1040342654707893,89.39256942608453,2.720730320736044,7.886700253179422,11.38449956663671,0.1008025107944986
87,6,740,87.1709924680942,2.884990237034859,9.944017294870942,10.9492,11.53713901232934,0.05369698355398965,89.13918387662081,1.782889320921702,9.077926802457492,11.58681523250631,0.05823395613435774
88,2,740,86.42745712898825,3.308918515655234,10.26362435535651,11.6394,11.51690710921782,-0.01052398669881451,88.21429225266787,2.326112550593904,9.459595196738221,11.55857618699876,-0.006943984483842521
92,6,740,91.34509201409467,3.123949766284071,5.530958219621255,10.5342,11.14449787300743,0.05793490469209155,92.68136650089576,3.929873334472961,3.388760164631276,10.87780206487203,0.03261776545651576
93,2,740,87.79021553897859,7.305824202918282,4.903960258103132,11.2244,10.63119629184067,-0.05284948043185627,87.6109436603857,9.591572664980603,2.797483674633696,10.20424068004723,-0.09088764833334219
28,34,750,27.56820679481658,30.94217878000835,41.48961442517507,10.4338,11.06071567785461,0.06008507713916426,29.16950647840295,30.82919133858222,40.00130218301483,10.94964827654461,0.04944011544639663
29,30,750,28.33724259823663,29.26495845388568,42.39779894787769,11.124,11.32109239521026,0.01771776296388502,29.66326368614148,29.50732651134933,40.82940980250919,11.16418289940643,0.003612270712552134
30,26,750,29.92997353050833,24.23724652798459,45.83277994150708,11.8142,12.16075244310839,0.02933355141341645,30.50962065222837,25.53549137174239,43.95488797602925,11.86169100370724,0.004019823915901336
34,18,750,37.44953352504884,11.02779191878457,51.52267455616659,13.0286,14.09001653951989,0.08146819608552643,36.50607510380824,13.49887880165148,49.99504609454027,13.69066249402468,0.05081608876047182
36,13,750,36.61109896716921,11.73211640760177,51.65678462522902,13.8291,14.02346068413553,0.01405447094427949,35.70647353331054,14.29728104748165,49.99624541920781,13.60269827025702,-0.0163714001448378
37,9,750,40.45049614309885,2.669655352385991,56.87984850451517,14.5193,15.45656444050658,0.06455300465632549,39.01512132244732,5.220623317720704,55.76425535983198,15.08259844292146,0.03879652895948572
39,5,750,38.07210053868477,8.051164920087432,53.8767345412278,15.1265,14.61372547623626,-0.03389908595932547,36.88241973053132,10.77126130423658,52.34631896523209,14.18667435225697,-0.06213107114950804
40,1,750,43.26102565740121,-3.921038421400048,60.66001276399884,15.8167,16.49727159729233,0.04302867205500049,41.8502256185398,-2.236653141222936,60.38642752268314,16.28877632585959,0.02984670164190936
32,35,750,31.76084083895752,33.14995374825194,35.08920541279054,9.908499999999998,10.28596415082943,0.03809498418826533,33.39065898262763,32.08368913706613,34.52565188030624,10.35679819424702,0.04524380019650048
34,30,750,33.12744347075738,30.22889595828146,36.64366057096116,10.709,10.73717660319133,0.002631114314252828,34.31881129176026,29.73857552150718,35.94261318673257,10.73307201447656,0.002247830280751003
36,26,750,37.47431765607487,22.51985468713533,40.00582765678979,11.3162,11.86654372352253,0.04863326236037956,37.64980071940789,23.14093758243932,39.20926169815279,11.73192330560362,0.03673700585034058
37,22,750,37.7143178504602,19.55883267576182,42.72684947377797,12.0064,12.41898926218704,0.03436411098972568,37.59569909854262,20.65117382446945,41.75312707698794,12.21768507455102,0.01759770410372966
38,18,750,38.33858818945652,17.34199251027703,44.31941930026645,12.6966,12.79569002803856,0.007804453793815549,38.00815396547363,18.68979562545604,43.30205040907033,12.56258572646504,-0.01055513078579796
40,14,750,41.83461457165512,10.73006119029047,47.43532423805441,13.3038,13.78360616246948,0.03606534692865768,41.05222200850566,12.22715305984788,46.72062493164646,13.55915688682543,0.01919428184619684
42,10,750,45.06841561607111,4.480549462797715,50.45103492113118,13.911,14.7232312927073,0.0583876998567537,44.18529466818747,5.501904303506393,50.31280102830613,14.59910244067265,0.04946462804059038
43,6,750,43.45833641108763,6.228230507159553,50.31343308175282,14.6012,14.51904112084578,-0.005626858008534508,42.50848480244964,7.644733337186558,49.8467818603638,14.32406880731852,-0.01898002853748187
45,1,750,47.09068707081298,-1.899408639241791,54.80872156842882,15.4017,15.78862866308796,0.02512246460377496,46.3538862405692,-1.745580777452435,55.39169453688324,15.82004820631431,0.02716246948806386
37,35,750,36.88556225992464,33.71514151198168,29.39929622809368,9.493499999999999,9.751361478160195,0.02716189794703703,38.22809353800805,32.25968668341898,29.51221977857297,9.921270800440443,0.04505933538109691
38,31,750,38.60355215566566,28.83755127220969,32.55889657212465,10.1837,10.55160651016162,0.03612699806176709,39.35245374198388,28.24178514791187,32.40576111010425,10.60460927032397,0.0413316643581383
40,27,750,40.46273689573955,25.25544960006536,34.28181350419509,10.7909,11.08971442996098,0.02769133528815785,40.8042056062747,25.13795176364776,34.05784263007754,11.08408485876609,0.02716963911871016
41,23,750,42.40385930706238,20.11242985072291,37.48371084221471,11.4811,11.92274698736908,0.03846730603941111,42.29087878618668,20.52797716096731,37.18114405284601,11.85179907553152,0.03228776646240554
43,19,750,42.66196081320393,20.13343100151305,37.20460818528301,12.0883,11.8972650399116,-0.01580329410160238,42.54770997325821,20.51923211601517,36.93305791072662,11.83217250419383,-0.02118804925474759
45,14,750,48.84944508424338,7.510598209140475,43.63995670661615,12.8888,13.82369742418095,0.07253564522538543,48.35865198181516,7.610814800555466,44.03053321762938,13.84506138456197,0.07419320530708597
46,10,750,47.38127895375801,8.336661337044729,44.28205970919726,13.579,13.78587721038734,0.01523508434990339,46.80002606541036,8.756953907190937,44.4430200273987,13.75287864631093,0.0128049669571347
48,6,750,52.34670809219533,-1.605835526801489,49.25912743460616,14.1862,15.29563123567852,0.07820496226463153,52.50165825075121,-3.412004319402654,50.91034606865144,15.63190280012818,0.1019090947630925
50,2,750,51.88184561315048,0.4432485895639662,47.67490579728555,14.7934,14.9381268617458,0.009783204790365763,51.84436998837459,-0.8503157510421246,49.00594576266753,15.19128332564135,0.02689600265262565
41,36,750,37.90142335351178,41.82147502969234,20.27710161679588,8.9682,8.100090738418993,-0.09679860636259296,39.98753734363626,38.6892368170918,21.32322583927194,8.532404923734344,-0.04859337172070825
44,32,750,42.34150678588561,35.09615357941863,22.56233963469576,9.4924,9.031568449869873,-0.04854742216195346,43.39469370045958,33.36432998535469,23.24097631418572,9.278915436692792,-0.02249005133656485
44,28,750,42.98560341636321,29.93069701669542,27.08369956694137,10.2656,9.976591183114628,-0.02815313443786733,43.58338448959214,29.00712304270927,27.40949246769859,10.10550220320815,-0.01559556156404388
46,23,750,46.84259663629652,22.12541459440041,31.03198876930307,11.0661,11.16522183808979,0.008957251252906447,46.77381131330338,21.99283223182442,31.2333564548722,11.19655919058416,0.01178908473483507
48,19,750,48.59321198678936,18.96744708215583,32.43934093105482,11.6733,11.63035588411576,-0.003678832539576438,48.35968343697035,18.94603788104168,32.69427868198797,11.6538771523261,-0.001663869486254617
49,15,750,49.91573243879154,14.73382737981905,35.35044018138942,12.3635,12.33894537506128,-0.001986057745680257,49.57396329211308,14.72972802489868,35.69630868298824,12.3681046195417,0.0003724365706880733
51,11,750,51.41669605522723,11.51326004792179,37.07004389685098,12.9707,12.83690106015286,-0.01031547563717759,51.08970944620454,11.30023652961284,37.61005402418262,12.90521839479086,-0.005048424927655394
53,6,750,54.50404563694508,4.389147448008826,41.10680691504609,13.7712,13.95774201043345,0.01354580649714277,54.59107237175609,3.013125766370807,42.3958018618731,14.21650378250477,0.03233587359887066
54,2,750,56.05219987752896,-0.5012232779650733,44.44902340043611,14.4614,14.77455386979575,0.02165446428393837,56.75401508237417,-3.297195813698762,46.5431807313246,15.25676469895092,0.0549991493873979
46,36,750,47.49418874561302,32.73765802810576,19.76815322628122,8.553199999999999,9.059793037281274,0.05922848025081555,47.96131658990462,31.5330931253536,20.50559028474178,9.253863821907066,0.08191832552811433
48,32,750,49.38554439562653,30.09216460264937,20.5222910017241,9.160399999999999,9.414184397470875,0.02770451044396264,49.57079514778789,29.2637138352762,21.16549101693591,9.558948118374715,0.04350772000946642
49,28,750,48.2973368126516,29.79816666101637,21.90449652633203,9.8506,9.561335428975452,-0.02936517278384543,48.54500717947691,28.95249618360875,22.50249663691434,9.704246891811845,-0.01485727856050949
50,24,750,50.73816340926383,23.493234805051,25.76860178568517,10.5408,10.57749014921474,0.003480774629510453,50.59697436872808,23.18218308754473,26.22084254372718,10.64933513657317,0.01029666975686608
52,20,750,52.53812492753177,19.98375533324624,27.47811973922199,11.148,11.10647572509836,-0.003724818344244549,52.26782849500755,19.77698151853528,27.95518998645717,11.1688797073815,0.001872955452234055
54,15,750,56.63429087429965,10.78567905857821,32.58003006712214,11.9485,12.54448209540996,0.0498792396878236,56.5333623949682,9.967065496172763,33.49957210885903,12.71109716080744,0.06382367333200362
56,11,750,51.86995540221579,20.50329506666839,27.62674953111582,12.5557,11.06150676522909,-0.1190051717364156,51.62262729075624,20.29675225425372,28.08062045499004,11.12195972411999,-0.114190389693925
57,7,750,57.39567620035969,7.864650181843885,34.73967361779643,13.2459,13.04592199521972,-0.01509735123927219,57.50578356773431,6.565895622071213,35.92832081019448,13.28783234013169,0.003165684485892927
59,3,750,60.70308976634934,1.500317154919178,37.79659307873148,13.8531,14.00163224334713,0.0107219498413443,61.84936389016218,-1.880011731496013,40.03064784133383,14.55990906481471,0.05102172544879595
50,37,750,50.40131184271516,37.57215005501858,12.02653810226627,8.027899999999999,7.883994511419551,-0.01792567029739387,50.84917647435906,36.0459786005249,13.10484492511604,8.141830689146735,0.01419184209403904
52,33,750,51.07055931884369,35.54500066399076,13.38444001716555,8.6351,8.220294948186558,-0.04803708721537005,51.35328109334544,34.3139038827034,14.33281502395116,8.43480004872576,-0.0231960198809787
54,28,750,54.16475944022323,29.04221602778443,16.79302453199234,9.435599999999999,9.22046460829074,-0.02280039337289191,53.95580502096392,28.61625598566171,17.42793899337437,9.320145901231585,-0.0122360102980641
56,24,750,60.28625861354994,16.42124041267545,23.29250097377461,10.0428,11.15201476330519,0.1104487556563099,59.93058558656588,16.14970781830127,23.91970659513285,11.23402287503739,0.1186146169432225
57,20,750,57.26269576475786,20.49227676607485,22.24502746916729,10.733,10.61603915264283,-0.01089731178208981,56.85093864297195,20.36586687327696,22.78319448375109,10.67465002602889,-0.005436501814134557
59,16,750,60.75210904019749,13.52896817234406,25.71892278745845,11.3402,11.6724254019495,0.02929625596986831,60.57245533144066,12.9164182293083,26.51112643925104,11.80574256376513,0.04105241210605896
60,12,750,62.39507017137505,8.821025768203196,28.78390406042176,12.0304,12.44610489478219,0.03455453640628683,62.68422667597327,7.322071742758751,29.99370158126798,12.71185271801895,0.0566442277911748
62,7,750,63.20442267526506,5.831936218232423,30.96364110650252,12.8309,12.95671964696867,0.009805987652360498,63.93476794075968,3.497231792941244,32.56800026629907,13.3473993553414,0.04025433565388273
64,3,750,61.91726997033545,7.788401790230681,30.29432823943387,13.4381,12.68536852641057,-0.05601472481894266,62.30496990725289,6.068412575505636,31.62661751724147,12.98566334685277,-0.03366820109593079
55,37,750,55.67362665524021,37.28377923500136,7.042594109758433,7.6129,7.502134461489298,-0.01454971673221789,55.5007074185083,36.52224524277273,7.977047338718975,7.663691278835842,0.006671738606292303
57,33,750,56.06710228832657,37.58003925358266,6.352858458090765,8.220099999999999,7.412208922351365,-0.09828239043912289,55.85281326585935,36.86170162968865,7.285485104452,7.568849573914858,-0.07922658192541948
58,29,750,60.86402422951745,26.05391178971481,13.08206398076774,8.910299999999999,9.242064839998179,0.0372338574456729,60.11482588785711,26.43218511675059,13.4529889953923,9.23112806823997,0.03600642719548957
60,25,750,60.94086942632724,24.24710724789561,14.81202332577715,9.5175,9.584942006596616,0.007086105237364472,60.23340866252138,24.57793654744866,15.18865479002996,9.579711946388899,0.006536584858303048
62,20,750,63.37293712502206,18.64178566929309,17.98527720568485,10.318,10.46658904874882,0.01440095452111029,62.78025572741947,18.83508429982448,18.38465997275606,10.47841697946811,0.01554729399768479
64,16,750,62.30672960423342,20.68187864347593,17.01139175229065,10.9252,10.16073430106473,-0.06997269605455934,61.65079162955825,20.95991227304848,17.38929609739327,10.16143325236639,-0.06990871998989556
65,12,750,65.99570148815293,11.07937474972031,22.92492376212676,11.6154,11.71071363736237,0.008205798970536528,66.07939752536784,10.15515290570329,23.76544956892887,11.88241894872202,0.02298835586566285
67,8,750,67.17609499154621,8.694471767401948,24.12943324105184,12.2226,12.07374272306287,-0.01217885531205573,67.63192185257334,7.162121293262609,25.20595685416405,12.33211244024875,0.008959831807369131
68,4,750,67.97355438366728,5.759960153243987,26.26648546308873,12.9128,12.57479468853355,-0.02617598905477095,69.01061276318512,3.218934059938985,27.77045317687589,12.97989918686943,0.005196331304552912
60,38,750,62.95286909663914,33.79997212154182,3.247158781819039,7.004599999999999,7.571377253884916,0.08091500640792006,61.8307287156432,34.60388881430151,3.56538247005529,7.509117808797133,0.07202664089271824
61,34,750,58.98431774771964,38.92112129840407,2.094560953876297,7.694799999999999,6.910848879957763,-0.1018806362793362,58.40765719224876,38.66402819698013,2.928314610771118,7.008407802567095,-0.08920208419099969
63,29,750,65.17033754635897,27.89918870563678,6.930473748004253,8.4953,8.527948806852615,0.003843161142351059,63.93601684837048,29.09490356946701,6.969079582162511,8.399265741607277,-0.01130439871372684
65,25,750,65.63910494395145,25.42512931609989,8.935765739948653,9.102499999999999,8.967276792849919,-0.01485561188136007,64.47141253430371,26.57734063060107,8.951246835095219,8.841472815757605,-0.02867642782119134
66,21,750,66.98472885929938,19.26248541291602,13.7527857277846,9.792699999999998,10.04682907436148,0.02595086894947102,66.13305863935096,20.01696292786944,13.8499784327796,9.971677198976707,0.01827659368475585
68,17,750,68.5071495767574,17.29144578564507,14.20140463759753,10.3999,10.30147011476394,-0.009464503046765653,67.7512065697392,17.9754023502861,14.2733910799747,10.23200458040134,-0.01614394557627053
70,12,750,67.05595945553975,19.06790314919769,13.87613739526256,11.2004,10.07852968645029,-0.1001634150164024,66.21684118297686,19.80583606558602,13.97732275143712,10.00553407033514,-0.1066806479826486
72,8,750,69.41889416220729,13.58556873351729,16.99553710427541,11.8076,10.9421413483479,-0.07329674545649424,69.08781300083899,13.61629315489743,17.29589384426357,10.96368205408869,-0.0714724368975332
73,4,750,72.92303406502299,4.337144887220336,22.73982104775667,12.4978,12.4390180659034,-0.004703382523052114,74.53621495344571,1.318761676687366,24.14502336986693,12.88857752676034,0.03126770525695215
75,0,750,70.45486658217533,9.572829359170846,19.97230405865383,13.105,11.63181815855172,-0.1124137231169994,70.77133744847883,8.563145626944401,20.66551692457677,11.8007229420879,-0.09952514749424626
68,30,750,69.71173465726955,27.14556464168692,3.14270070104353,7.887,8.296688378208545,0.05194476711151838,67.96657839955041,29.36016852907767,2.673253071371917,8.013453416166602,0.01603314519672908
69,26,750,69.41038417609101,25.85935150754836,4.730264316360625,8.577199999999999,8.570325466975348,-0.0008014891834924913,67.79408323408856,27.88526118132138,4.320655584590064,8.312870105221227,-0.03081773711453295
71,22,750,70.28958811849363,23.65880576566295,6.051606115843427,9.1844,8.922717031662382,-0.02849211362066313,68.74455967429076,25.66846298356702,5.586977342142227,8.662487652310361,-0.05682596007247498
73,17,750,70.51825213848129,22.03984629284422,7.441901568674492,9.9849,9.216682784099264,-0.07693789781577537,69.09714684241895,23.89347217313311,7.009380984447944,8.976328641012598,-0.1010096604860741
74,13,750,69.92439967245325,19.96857027631945,10.1070300512273,10.6751,9.666350192773828,-0.09449558385646681,68.7705665309213,21.37804762182328,9.851385847255418,9.489666372635092,-0.1110466063423204
76,9,750,73.63533399214849,13.70820424811447,12.65646175973704,11.2823,10.56847139749115,-0.06326977677502382,73.05924556338356,14.51366928465642,12.42708515196002,10.46059034551508,-0.07283175012939913
78,4,750,77.71575813567289,2.762788011220298,19.52145385310682,12.0828,12.34554515217027,0.02174538618286076,79.99835648816111,-0.6768018577561591,20.67844536959505,12.82096221058689,0.06109198286712474
79,1,750,76.87470428405982,3.749936549830999,19.37535916610918,12.5797,12.2245368093407,-0.02823304138089932,78.76836386407092,0.8281147796013258,20.40352135632775,12.63215121238518,0.004169512181147062
76,22,750,80.18155947569564,14.82881533427932,4.989625190025041,8.769399999999999,9.808520559401069,0.1184939174175052,78.75136913312207,17.77278459525245,3.475846271625485,9.358157099688571,0.06713767186906418
77,18,750,78.95258856991101,14.92348170305818,6.123929727030806,9.4596,9.892226135496239,0.04573408341750593,77.65183555647579,17.49873030493241,4.849434138591803,9.502393080869075,0.004523772767249633
79,14,750,80.09548545836269,12.18539256210005,7.71912197953726,10.0668,10.32663832470196,0.02581141223645609,79.28298003112506,14.17103776821599,6.545982200658951,10.01025105682047,-0.005617370284452884
81,9,750,78.47076954509212,12.51653199989741,9.012698455010463,10.8673,10.39748049217718,-0.04323240435276635,77.74429583101961,14.1370135297728,8.118690639207585,10.14453873072029,-0.06650789701947216
82,5,750,78.75102953835969,9.780285182078442,11.46868527956187,11.5575,10.90313542262038,-0.05661817671465431,78.68082721397263,10.39592360155785,10.92324918446952,10.78995930905914,-0.06641061569897128
84,1,750,80.11158604252761,7.840992672672081,12.04742128480031,12.1647,11.1650744748427,-0.08217428503434564,80.50546971969506,7.91793774403808,11.57659253626686,11.11750864734275,-0.08608443715482098
84,14,750,85.58505230167418,10.58360622065605,3.831341477669771,9.6518,10.18062957650823,0.05479077234383512,84.52144131637638,13.8706058869425,1.607952796681117,9.633532252794774,-0.001892677760130287
85,10,750,86.30357071056271,6.630040100709296,7.066389188727994,10.342,10.88521687955619,0.05252532194509641,86.51327890903714,8.124363006728125,5.362358084234735,10.57895848134937,0.02291224921189041
87,6,750,90.05868844393277,1.122010858476437,8.819300697590796,10.9492,11.63824416021008,0.06293100502411923,92.46934408788782,0.1066460691325223,7.424009842979658,11.63442975554199,0.0625826321139441
88,2,750,85.94251644256545,4.032743100373098,10.02474045706145,11.6394,11.41724189396495,-0.01908673179331005,87.29790345727035,3.678549680430478,9.02354686229917,11.37321035981935,-0.02286970463947044
92,6,750,91.06057148663523,4.844942154738446,4.094486358626328,10.5342,10.83544524809833,0.02859687950659117,91.32226132172809,7.31503799943352,1.362700678838388,10.33625546500607,-0.01879065662261315
93,2,750,91.69851128312523,0.4993002389706875,7.802188477904084,11.2244,11.62250882730757,0.03546816108723573,94.25568985760991,-0.3086386096773288,6.052948752067421,11.566437585069,0.03047268317852201
28,34,760,27.21407371561915,32.51048951377437,40.27543677060648,10.4338,10.78695425859102,0.03384713705371237,29.15481270222956,31.89897056163856,38.94621673613188,10.74407953615021,0.02973792253543422
29,30,760,28.81768264934299,27.86018399745411,43.32213335320289,11.124,11.55275877339665,0.03854357905399602,30.0774569765082,28.19239131433824,41.73015170915356,11.38398182988824,0.02337125403526035
30,26,760,28.34028064369492,28.05313097353845,43.60658838276662,11.8142,11.55508648938834,-0.02193237888402636,29.64591263517139,28.40879743472437,41.94528993010425,11.37796870714855,-0.03692431928115719
34,18,760,35.17937414899573,15.18884692525945,49.63177892574481,13.0286,13.4741078349807,0.03419460532833157,34.70704641075576,17.3607170081136,47.93223658113064,13.09348855023891,0.004980469907658062
36,13,760,39.17618260859764,7.074865615318893,53.74895177608347,13.8291,14.71080532004525,0.06375724523253534,37.81490642963131,10.00605990832261,52.17903366204607,14.25719138606184,0.0309558384899842
37,9,760,39.38877510501111,4.219193687558187,56.3920312074307,14.5193,15.24516152647908,0.04999287338088482,37.65619755596059,7.726452610200073,54.61734983383934,14.7110123133036,0.01320396391724112
39,5,760,42.52516556014513,-1.114816401633614,58.58965084148848,15.1265,16.01590526894373,0.05879782295598648,40.38922267941459,2.437491834780403,57.17328548580501,15.50652734594554,0.0251232833732547
40,1,760,42.61208203762032,-2.375725951840252,59.76364391421993,15.8167,16.25242501736823,0.02754841511618939,40.31224337397754,1.417385167722156,58.2703714583003,15.71010324703917,-0.006739506531756269
32,35,760,30.76711115864037,35.71256531916612,33.52032352219351,9.908499999999998,9.873090897638038,-0.003573608756316321,32.82513151449607,34.05305910017332,33.12180938533061,10.02305776023332,0.01156156433701618
34,30,760,33.83480194945207,29.73095676351987,36.43424128702806,10.709,10.77471749580709,0.006136660361106285,35.07681025104714,29.03025436239096,35.89293538656191,10.80707658091291,0.009158332329154611
36,26,760,37.76207010036389,21.58763997174561,40.6502899278905,11.3162,12.02285737513137,0.06244652578881334,38.049997870195,21.94030766037752,40.00969446942749,11.93078870602284,0.05431051996455007
37,22,760,35.97100842171191,24.22166131576549,39.8073302625226,12.0064,11.66235916866044,-0.02865478672537635,36.56179415280199,24.33850255756034,39.09970328963766,11.59073854094102,-0.03461999092642101
38,18,760,43.07199401911333,8.053361348475564,48.8746446324111,12.6966,14.19830974775327,0.1182765266097435,42.10847519594392,9.665649917181526,48.22587488687456,13.96662642974547,0.1000288604622866
40,14,760,43.11971967116916,8.57846820271874,48.3018121261121,13.3038,14.09284536370743,0.05930977342619616,42.21511319889688,10.09034878107356,47.69453802002956,13.87568118511004,0.04298630354560642
42,10,760,44.06555985805135,7.804437401535139,48.13000274041351,13.911,14.16396078206499,0.0181842270192649,43.14988898796592,9.188716657665681,47.6613943543684,13.97238028407205,0.004412355982463589
43,6,760,47.22096299641952,-0.9568114244226523,53.73584842800313,14.6012,15.59561171963808,0.06810479410172304,45.74085475708296,0.7626131464913946,53.49653209642564,15.38609593394533,0.05375557720908741
45,1,760,50.58361780722008,-7.612383445584763,57.02876563836468,15.4017,16.60303344203227,0.07800005467138489,48.99537602111553,-6.365598459371952,57.37022243825643,16.49385397244401,0.07091126125323891
37,35,760,35.48277124945839,37.36402504834424,27.15320370219737,9.493499999999999,9.162463944450012,-0.03486975884025775,37.28572820795809,35.25146471868188,27.46280707336003,9.421176428618271,-0.00761821998016838
38,31,760,35.6955194383941,35.15545329889131,29.14902726271459,10.1837,9.571722763937599,-0.06009380049121631,37.30727184457929,33.38701872395112,29.30570943146959,9.779785717560168,-0.03966282220016597
40,27,760,39.44455816105233,28.49109895170535,32.06434288724232,10.7909,10.54877224526801,-0.02243814276214098,40.28928599484625,27.56910980277944,32.14160420237431,10.6568803375505,-0.01241969274569346
41,23,760,41.31632343176667,23.32382107091463,35.3598554973187,11.4811,11.39225054215557,-0.007738758293580802,41.70103368101331,22.96366937693489,35.3352969420518,11.42993691391438,-0.004456287819600855
43,19,760,44.20598087869443,17.48162063201649,38.31239848928908,12.0883,12.28170631889957,0.01599946385344298,44.13720247573792,17.51498676040365,38.34781076385843,12.28096525372773,0.01593815952017475
45,14,760,44.7383988054448,16.24204747982869,39.01955371472651,12.8888,12.4771251212972,-0.03194051259254568,44.5876202169194,16.34207569524757,39.07030408783302,12.47030429010433,-0.03246971866237865
46,10,760,45.45473992657021,13.32583218117924,41.21942789225056,13.579,12.98137322547273,-0.04401110350742133,45.10817541280193,13.6437861309017,41.24803845629637,12.94867758163414,-0.04641891290712576
48,6,760,48.88190562486322,6.562548664721365,44.55554571041542,14.1862,14.00426117624571,-0.01282505700993125,48.25975234349563,6.851686044251437,44.88856161225293,14.00000964313606,-0.01312475200292826
50,2,760,50.23190695368265,4.57796966306442,45.19012338325292,14.7934,14.27583018697399,-0.03498653541619998,49.60800620947096,4.689164983929679,45.70282880659936,14.3061198932203,-0.03293902056185166
41,36,760,39.58966387331077,39.04008576941084,21.37025035727839,8.9682,8.497609319288092,-0.0524732589273107,41.08090971167978,36.8114228995768,22.10766738874342,8.80463644744238,-0.018238169594525
44,32,760,40.5511912952321,39.26977310654392,20.17903559822398,9.4924,8.373403981000795,-0.1178833613205517,41.94457550354226,37.07677509578593,20.97864940067181,8.681659607190573,-0.08540942151715339
44,28,760,43.73734005142812,29.54332197764936,26.71933797092252,10.2656,9.989076637451845,-0.02693689239286104,44.39930296123795,28.37356483952336,27.22713219923869,10.16024777073738,-0.0102626470213739
46,23,760,44.31798019460757,27.90082945100221,27.78119035439022,11.0661,10.25837731096884,-0.07299072744970261,44.86827810027234,26.86971141192724,28.26201048780042,10.41201770175186,-0.05910684868636103
48,19,760,53.08558633368085,9.812398335904266,37.10201533041489,11.6733,13.0271597359742,0.1159791777795651,52.94964917113439,9.053354565726062,37.99699626313955,13.185165681241,0.1295148485210691
49,15,760,50.90446615617641,12.85719843366169,36.23833541016189,12.3635,12.61963285181055,0.02071685621470892,50.75232317207184,12.33086776111811,36.91680906681005,12.7340004384939,0.02996727775257055
51,11,760,52.10173411056051,11.06067447304606,36.83759141639342,12.9707,12.86752769318367,-0.007954258969548886,51.94445852686339,10.4254176603041,37.63012381283251,13.00337670853356,0.002519271013403867
53,6,760,55.85738646412233,1.179632217764015,42.96298131811366,13.7712,14.46581401578406,0.05043961425177643,55.78038762263645,-0.1110616754461664,44.33067405280971,14.72169604918492,0.0690205682282532
54,2,760,55.77439620131366,0.8809208337719001,43.34468296491443,14.4614,14.53044311812286,0.004774303879489961,55.67753492728108,-0.3866902631096303,44.70915533582855,14.78351182889476,0.02227390355669314
46,36,760,43.12118632226564,44.282256613138,12.59655706459636,8.553199999999999,7.191181331932375,-0.1592408301065827,44.33171228793625,41.96167248420941,13.70661522785434,7.539276588903613,-0.1185431664285163
48,32,760,49.13228161383157,32.07031561617224,18.79740276999619,9.160399999999999,9.052828617445885,-0.01174308791691571,49.42437210207689,31.00708649390514,19.56854140401796,9.234107296255754,0.008046296696187371
49,28,760,47.25316400141111,33.10764679906415,19.63918919952474,9.8506,9.008279261623777,-0.08550958706842458,47.74118645116711,31.84928680846853,20.40952674036436,9.211014384476162,-0.06492859475806939
50,24,760,48.1755187722143,29.5499760571312,22.27450517065449,10.5408,9.61942157006275,-0.08741067375694912,48.52304430194258,28.48885407943232,22.9881016186251,9.795691829384499,-0.07068800950739039
52,20,760,52.73451293533062,20.46224397483397,26.80324308983541,11.148,10.99768366603215,-0.01348370415929739,52.74753267521065,19.66432752037032,27.58813980441903,11.15084027826993,0.0002547791774250233
54,15,760,53.91399125067348,17.03046316046301,29.0555455888635,11.9485,11.5631501972766,-0.03225089364551188,53.90383829506308,16.17685754086818,29.91930416406874,11.72899485885995,-0.01837093703310477
56,11,760,54.27495176468235,17.09444625609872,28.63060197921893,12.5557,11.52082254222748,-0.08242292008988096,54.26445576003936,16.2284318295361,29.50711241042454,11.6890942992674,-0.0690208989329625
57,7,760,57.48799715680229,8.604251107647102,33.9077517355506,13.2459,12.89529449687723,-0.02646898309082598,57.6336740377867,7.190841769718566,35.17548419249473,13.1564153407771,-0.006755649614061237
59,3,760,58.66003956196999,5.589294401096065,35.75066603693395,13.8531,13.38080610862462,-0.0340930110499007,58.94340769727857,3.826715879958429,37.229876422763,13.69799298152991,-0.01119655661693665
50,37,760,48.56479493670131,41.07171366356176,10.36349139973693,8.027899999999999,7.359959769087302,-0.08320236063138514,48.91811434986686,39.78056619604006,11.30131945409308,7.580213063266507,-0.05576638183503678
52,33,760,54.66732874539779,29.68843175103022,15.64423950357199,8.6351,9.053837856657839,0.04849253125706013,54.42664465388762,29.24499922290375,16.32835612320862,9.15953014394003,0.06073237645655873
54,28,760,52.86277520155025,32.71707470828887,14.42015009016088,9.435599999999999,8.618179117159091,-0.08663157433983089,52.74559880270821,32.11024537512323,15.14415582216856,8.745204868363899,-0.07316918178346898
56,24,760,58.13289993712603,21.91537772235477,19.95172234051919,10.0428,10.26872679148736,0.02249639457993392,57.89459787876721,21.40099510652773,20.70440701470506,10.38793602197051,0.03436651351918896
57,20,760,56.46142376609024,22.63163063086634,20.90694560304342,10.733,10.26900762646805,-0.04323044568452,56.29270049793696,22.02798721103445,21.67931229102859,10.39969593077827,-0.03105413856533358
59,16,760,59.76190087601217,16.75282063451865,23.48527848946918,11.3402,11.13144199863853,-0.01840867016114929,59.70568416896948,15.87627153480775,24.41804429622277,11.30554492629719,-0.003055949075219697
60,12,760,57.22609065350657,19.64363090236532,23.13027844412811,12.0304,10.78312062233174,-0.1036772989816019,57.11879418121601,18.90013648912377,23.98106932966022,10.93574369961144,-0.09099084821689696
62,7,760,64.10998099831069,4.376642924080564,31.51337607760875,12.8309,13.16286649991544,0.02587242515454412,64.98322349501331,1.707977665146722,33.30879883983997,13.60624036724104,0.06042759021121166
64,3,760,63.28902593072539,6.115044631469779,30.59592943780483,13.4381,12.89497272048668,-0.04041696962467269,63.96257516321985,3.812969645781166,32.22445519099899,13.28405922892325,-0.01146298740720396
55,37,760,53.69842889581386,40.66809079427014,5.633480309915996,7.6129,7.011888451115031,-0.07894646572068059,53.20564569144901,40.48855461536927,6.305799693181719,7.087493800458851,-0.06901525036991794
57,33,760,59.98882008185269,28.88380239086813,11.12737752727918,8.220099999999999,8.767688931051417,0.06661584786698684,59.16903317048781,29.31987862796227,11.51108820154992,8.751437708064405,0.0646388374915641
58,29,760,59.32011099145318,27.68099423341132,12.9988947751355,8.910299999999999,9.055694602390979,0.01631758777942149,58.6630269658117,27.85758150696571,13.47939152722259,9.076098256541156,0.01860748308599676
60,25,760,59.5351341286177,28.3225852588977,12.1422806124846,9.5175,8.913828136779806,-0.06342756640086097,58.81074480550583,28.60576379373548,12.58349140075869,8.919214039813946,-0.0628616716770217
62,20,760,60.092378837611,26.10570417935772,13.80191698303128,10.318,9.296099938608439,-0.09904051767702664,59.45418351427483,26.259004582235,14.28681190349017,9.319437182569164,-0.09677871849494434
64,16,760,66.94642911720243,12.16831787904779,20.88525300374978,10.9252,11.42131053725226,0.04540974419253272,67.1645509210904,11.01651803321522,21.81893104569438,11.62584933772899,0.06413148846053102
65,12,760,68.59488952195085,6.684816261769308,24.72029421627985,11.6154,12.34444918627807,0.06276574085077344,69.54662290380003,4.297186780388899,26.15619031581107,12.72698409433542,0.09569916613594226
67,8,760,68.73539862978069,5.799836649781352,25.46476472043796,12.2226,12.50385348932546,0.02301093787945814,69.81708937596508,3.178926171223269,27.00398445281165,12.92069515289744,0.05711511077000288
68,4,760,69.05542394036227,4.739449561014933,26.20512649862279,12.9128,12.68226421280574,-0.01785327637648337,70.30722939144196,1.827830118816481,27.86494048974156,13.14118039854309,0.01768635760974316
60,38,760,62.43080044591342,35.38939552644335,2.179804027643229,7.004599999999999,7.307473407727687,0.04323921533387889,60.66377662582893,37.28387429596197,2.052349078209097,7.087933638646749,0.01189698750060678
61,34,760,59.85514540171525,38.58421986221744,1.560634736067314,7.694799999999999,6.903693232291004,-0.1028105691777558,58.31843894071649,40.01767476233752,1.663886296945989,6.754153036360688,-0.1222444980557403
63,29,760,64.94184320963839,26.9910407189718,8.067116071389805,8.4953,8.722458842622764,0.02673935501074285,63.61283878756541,28.36776943374025,8.019391778694342,8.56664454909008,0.008398120029908293
65,25,760,66.80961997901316,21.60122742916754,11.5891525918193,9.102499999999999,9.609284279683822,0.05567528477712964,65.87399977519388,22.44169762232725,11.68430260247887,9.52447786826305,0.04635845847438076
66,21,760,66.92278107449668,19.80802170439143,13.26919722111189,9.792699999999998,9.946518575357912,0.01570747346063022,66.20021661208027,20.30207456238686,13.49770882553288,9.910991008287958,0.01207950905143217
68,17,760,71.33503568206403,11.89477484234783,16.77018947558814,10.3999,11.10993206136285,0.06827297006344762,71.47366202262016,11.24404328093483,17.28229469644501,11.22421248591782,0.07926157808419543
70,12,760,69.73948481765649,14.89280562821663,15.36770955412688,11.2004,10.66284343220024,-0.04799440803897746,69.47461160740119,14.7964424216573,15.72894597094151,10.70345491647934,-0.04436851215319607
72,8,760,71.69537059082444,9.728479386307631,18.57615002286793,11.8076,11.4987691755883,-0.0261552580043105,72.20478346201476,8.467202020808299,19.32801451717694,11.70029282203053,-0.009087975369209028
73,4,760,71.5733065093808,6.477528293112709,21.94916519750649,12.4978,12.13730934066271,-0.02884432934894883,72.66513256219294,4.161624153368594,23.17324328443847,12.49435204849184,-0.0002758846763560356
75,0,760,73.24462344704948,4.914961782512234,21.84041477043829,13.105,12.30063414133528,-0.06137854701752949,74.68719009267565,2.184572855826295,23.12823705149805,12.7086852892767,-0.03024148879994679
68,30,760,70.76178526101984,26.00516531902019,3.233049419959976,7.887,8.429973367168751,0.06884409371988733,68.59871840669364,29.04850368867304,2.352777904633324,8.021230609223929,0.01701922267325087
69,26,760,73.21881871697894,20.15560911553828,6.625572167482773,8.577199999999999,9.356758804457197,0.09088732971799626,71.66237961337879,22.48615742495188,5.851462961669331,9.035448261846362,0.05342632349092508
71,22,760,75.3188494437282,16.2139726550325,8.467177901239303,9.1844,9.944374581952776,0.08274624166551713,74.25750691014967,17.98458074683688,7.757912343013448,9.690207468094007,0.05507245634924513
73,17,760,72.21370967137463,19.70502407615536,8.081266252470009,9.9849,9.527280943355073,-0.04583111064156139,70.88872625244214,21.57079186400851,7.540481883549347,9.276601653734456,-0.07093694942017882
74,13,760,74.41969059365626,12.29651026299739,13.28379914334636,10.6751,10.77625024688914,0.009475344201847197,74.29388875005476,12.42965780848873,13.27645344145651,10.76095437936458,0.008042489472191099
76,9,760,74.62476974377338,13.08282979918901,12.29240045703761,11.2823,10.60723311108357,-0.05983415517371704,74.31465467746074,13.54687387843455,12.13847144410472,10.54327294106936,-0.06550322708407313
78,4,760,75.13254321596914,9.439942231106304,15.42751455292456,12.0828,11.26925807980171,-0.06733057902127706,75.58507611000557,8.689281830761841,15.72564205923259,11.37680050498327,-0.0584301233999342
79,1,760,80.21076353534741,-0.5641761576446104,20.3534126222972,12.5797,12.78156187783887,0.01604663687042343,83.44460227115256,-5.174663641896536,21.73006137074398,13.40436049347294,0.06555486167976463
76,22,760,75.16253197656665,23.92096470149306,0.9165033219402865,8.769399999999999,8.467587369146358,-0.03441656565484997,72.50616739580977,28.1549767807497,-0.6611441765594712,7.869631094428871,-0.1026032460112583
77,18,760,78.41597629652985,16.39362331193944,5.190400391530716,9.4596,9.652586581190128,0.02040113548037215,76.83955486478298,19.37878532170948,3.781659813507535,9.206397743536568,-0.02676669800662097
79,14,760,77.86156657990045,14.8753300071317,7.263103412967842,10.0668,9.992088683489703,-0.007421555659226141,76.75272527951223,17.04739672966904,6.199877990818724,9.664262013955458,-0.03998668753174222
81,9,760,79.26850706189829,12.65949488468039,8.071998053421318,10.8673,10.30363355265372,-0.05186812247258092,78.53287932022175,14.44207204352572,7.02504863625253,10.02011849040807,-0.07795694510981832
82,5,760,81.89041556667235,4.362003953725681,13.74758047960197,11.5575,11.68992014371102,0.01145750756746872,83.42009884668542,2.939856627549201,13.64004452576538,11.83785750961985,0.02425762575123071
84,1,760,83.62914760977654,0.2151053722770141,16.15574701794645,12.1647,12.3472008799274,0.01500249738402094,86.64615354856805,-3.261890809159432,16.61573726059138,12.76889274887937,0.04966770646866495
84,14,760,85.4938564441553,9.658731257867483,4.847412297977218,9.6518,10.36697716298933,0.07409780175607926,84.69761920527927,12.63642605201552,2.665954742705214,9.857476450107221,0.02130964691634941
85,10,760,85.5462163122626,8.350579937655239,6.103203750082161,10.342,10.61549694413345,0.02644526630569007,85.22087627359917,10.61215742930664,4.166966297094186,10.20533723820629,-0.01321434556117836
87,6,760,83.86292795883492,11.58853377424365,4.548538266921438,10.9492,10.1293134008554,-0.07488095926137014,82.70375254569565,14.80996564042944,2.486281813874911,9.60282218041225,-0.1229658623084561
88,2,760,88.4708951643037,-0.6268718677112234,12.15597670340753,11.6394,12.10809003339137,0.04026754243271749,91.65126333171524,-3.146209348602405,11.49494601688716,12.33110741055248,0.05942809857488172
92,6,760,91.52257437349873,4.179678358803472,4.2977472676978,10.5342,10.92569450024289,0.03716414158103074,91.82659494589015,6.872996294837603,1.300408759272247,10.37984243569901,-0.01465299351645031
93,2,760,90.30978126205662,4.650527648928182,5.039691089015201,11.2244,10.93534116071148,-0.02575272079474346,90.64462398644034,6.988115933102021,2.367260080457642,10.45569339925683,-0.06848531776693353
28,34,770,22.619986659896,39.71281177257583,37.66720156752817,10.4338,9.776054591589725,-0.06303987122719173,25.81145127727669,37.91454848024622,36.27400024247709,9.858767322754439,-0.05511248799531901
29,30,770,25.34422164781725,33.19266134532484,41.46311700685791,11.124,10.81028816517988,-0.02820135156599474,27.58353093593866,32.55994525957093,39.8565238044904,10.74672951364203,-0.03391500236946889
30,26,770,28.26076230046285,25.96569962795669,45.77353807158047,11.8142,11.96518699097755,0.01278012823361311,29.43890370975184,26.66476504909201,43.89633124115615,11.73227190810111,-0.006934713471829648
34,18,770,33.70238847094382,16.24622691556237,50.05138461349382,13.0286,13.39230609413345,0.02791597670766278,33.45334545690542,18.38791504622679,48.15873949686778,12.99898834864121,-0.002272819133198371
36,13,770,36.34017994604174,10.63320510065416,53.0266149533041,13.8291,14.25836651852209,0.03104081382896123,35.29862199115237,13.68560763602632,51.01577037282131,13.75478641869046,-0.005373710603693221
37,9,770,36.27153608261341,9.203739578791762,54.52472433859483,14.5193,14.54037964456264,0.00145183614655252,34.98890756964167,12.71926095595848,52.29183147439986,13.96728752893297,-0.03801922069707438
39,5,770,38.42157020957796,6.211592043219986,55.36683774720205,15.1265,14.9403089306506,-0.01230893262482375,36.76489826041905,9.969877378734751,53.2652243608462,14.35133614707579,-0.05124542048221403
40,1,770,41.5859560627749,-2.61007780253228,61.02412173975738,15.8167,16.38289368601917,0.03579720713038587,38.60683943549567,2.933883523955256,58.45927704054908,15.55851264167331,-0.01632371849543144
32,35,770,29.30525703465514,37.07110066944863,33.62364229589623,9.908499999999998,9.731819906719203,-0.01783116448309994,31.63544769463271,35.25531591775034,33.10923638761695,9.889405274444343,-0.001927105571545189
34,30,770,32.6760688685937,29.47214877194182,37.85178235946449,10.709,10.92091992629037,0.0197889556718994,34.0923216078688,28.68099359959527,37.22668479253593,10.95630124374512,0.02309284188487494
36,26,770,34.29222090482573,27.15295814852561,38.55482094664866,11.3162,11.23507885478946,-0.007168585321091576,35.41069711439386,26.59304782769713,37.99625505790901,11.25047599441145,-0.005807957228446316
37,22,770,36.14918279293882,21.52814874605817,42.322668461003,12.0064,12.16822667557303,0.01347836783490751,36.62428203162712,21.80541460050763,41.57030336786525,12.07519794909682,0.00573010636800575
38,18,770,33.6912537163219,25.78098911456544,40.52775716911265,12.6966,11.55016074569978,-0.09029498088466355,34.68611883690375,25.57766248530228,39.73621867779397,11.50688997812806,-0.09370304033142278
40,14,770,36.55631871596037,20.55916090741598,42.88452037662366,13.3038,12.32173974317178,-0.07381802619012762,36.91735782587842,20.96941672711609,42.11322544700549,12.21247104710055,-0.08203137095412207
42,10,770,44.57626427024447,3.546611155946879,51.87712457380865,13.911,14.94461012912518,0.07430164108440629,43.02200436108303,6.020404521902813,50.95759111701415,14.59542944394629,0.04920059262068108
43,6,770,43.77931864168781,3.463267745105774,52.75741361320642,14.6012,15.02686689761097,0.02915287083328539,42.13073744397842,6.22976787344876,51.63949468257282,14.62893466221215,0.001899478276590078
45,1,770,47.84675616554657,-4.401517013174024,56.55476084762746,15.4017,16.20953247690618,0.05245086431408079,45.3900556379418,-0.8492703606455883,55.45921472270379,15.72678934276362,0.02110736754797353
37,35,770,39.10985076755126,27.19689262085855,33.6932566115902,9.493499999999999,10.82672304268129,0.1404353549988192,40.04589054632182,26.10461746946243,33.84949198421575,10.9601685278082,0.1544918657827146
38,31,770,37.32306271016049,29.64967721702864,33.02726007281087,10.1837,10.50090318900504,0.03114812779294793,38.51514620412453,28.38405867494219,33.10079512093328,10.64660432319134,0.04545541632131155
40,27,770,37.80362154899151,30.18261917133722,32.01375927967127,10.7909,10.35799912561422,-0.04011721676466096,39.00339462282389,28.82051136231256,32.17609401486355,10.5217133999706,-0.02494570425352843
41,23,770,40.27493712233674,22.40579267593596,37.3192702017273,11.4811,11.65614049458763,0.01524596899144076,40.8058543672261,21.86087540085465,37.33327023191926,11.71740687253503,0.02058225017942792
43,19,770,44.90910867758494,14.13805307397324,40.95283824844182,12.0883,12.86965832056142,0.0646375686044706,44.73617760512466,14.16597070589259,41.09785168898275,12.87861512132562,0.06537851652636167
45,14,770,44.29909209325924,15.42941535428813,40.27149255245263,12.8888,12.67066936827558,-0.01692404504099789,44.23081010567599,15.35775269304077,40.41143720128323,12.69018916566411,-0.01540956755756067
46,10,770,45.1116235107033,11.43120926341012,43.45716722588659,13.579,13.37608249799445,-0.01494347904893975,44.66110730842559,11.90906031274354,43.42983237883087,13.32110673494735,-0.01899206606176102
48,6,770,48.34007485504262,4.648541337600166,47.01138380735722,14.1862,14.41921074647335,0.01642516998726585,47.33507908155305,5.657442468710332,47.00747844973662,14.30760480702939,0.008557951179976962
50,2,770,50.99739096856987,1.275670996781308,47.72693803464882,14.7934,14.85062934593087,0.00386857287242112,49.8714030003712,2.182427101413951,47.94616989821485,14.76881039226587,-0.001662201233937094
41,36,770,37.18836258066477,41.96458232282946,20.84705509650577,8.9682,8.13161214280189,-0.09328380914766728,38.85446272056204,39.80343030467967,21.34210697475829,8.41107651629877,-0.06212210741299582
44,32,770,43.81457890516339,32.12804188314273,24.05737921169388,9.4924,9.483039454859947,-0.0009861094286011055,44.64194365048046,30.58435262540443,24.77370372411511,9.712763314519446,0.02321471013857885
44,28,770,44.06447813228624,26.96847750211509,28.96704436559867,10.2656,10.4596416138614,0.01890212105102438,44.76341631622096,25.61336264982634,29.6232210339527,10.66357344554223,0.03876767510347464
46,23,770,43.55458961469881,27.2523729057341,29.19303747956709,11.0661,10.4470853793016,-0.05593792037830863,44.2896843259048,25.89500566188371,29.81531001221149,10.64845160650778,-0.03774124519859932
48,19,770,43.90443735176803,26.92912901800518,29.16643363022679,11.6733,10.48053106062285,-0.1021792414636091,44.60994973663176,25.58122838233857,29.80882188102967,10.68252272555352,-0.0848755085919561
49,15,770,48.72798846023215,15.31569231902794,35.95631922073991,12.3635,12.32505363253263,-0.003109666960599261,48.79199118162726,14.51755102473762,36.69045779363512,12.47402211884315,0.008939387620265729
51,11,770,52.066243273102,9.068491416554734,38.86526531034327,12.9707,13.2555624175125,0.02196199260737701,51.86331950897394,8.392973162283489,39.74370732874257,13.40298276848576,0.03332763601700484
53,6,770,52.23044227020366,7.907685216433162,39.86187251336318,13.7712,13.46631773923657,-0.02213912082922572,51.94819264451726,7.3413596209017,40.71044773458104,13.59921519578477,-0.01248873040949443
54,2,770,53.57834858091726,3.312067541995793,43.10958387708694,14.4614,14.24277441191608,-0.0151178715811691,53.01671280605281,3.067274481513949,43.91601271243324,14.33670867982097,-0.008622354694499292
46,36,770,44.76365763007043,37.77621350154885,17.46012886838073,8.553199999999999,8.312474346854763,-0.02814451353238965,45.40910931714234,36.44845584103199,18.14243484182568,8.515557412605702,-0.004400994644612159
48,32,770,47.8754248819516,30.79971358479219,21.32486153325621,9.160399999999999,9.402755098857687,0.02645682490477361,48.33012852076843,29.50373277519903,22.16613870403254,9.615527787330247,0.04968427004609495
49,28,770,50.17339362244095,25.44063838579559,24.38596799176346,9.8506,10.24793292936311,0.04033591145342567,50.52109830341541,24.12545931241193,25.35344238417266,10.47329755572729,0.06321417535249568
50,24,770,44.94054342695203,34.57210176997166,20.48735480307631,10.5408,8.917147623427459,-0.1540350235819426,45.64183663797004,33.12864759750879,21.22951576452117,9.137959978450038,-0.1330866747827453
52,20,770,49.0298549072718,26.6595695294444,24.3105755632838,11.148,10.10722725265484,-0.09335959341094012,49.44091569596316,25.32562401753251,25.23346028650433,10.33096087464602,-0.0732901978250787
54,15,770,53.19418183251529,16.81157444268459,29.99424372480012,11.9485,11.6652055681303,-0.02370962312170556,53.41706180564362,15.44458708920762,31.13835110514876,11.91094518578775,-0.003143056803134558
56,11,770,55.1951185734225,13.2653980093404,31.5394834172371,12.5557,12.18460372320043,-0.02955600060526835,55.38842255931256,11.81431825039511,32.79725919029232,12.44905320977568,-0.008493894424390604
57,7,770,55.59298087032918,9.846890751104134,34.56012837856669,13.2459,12.81237860557425,-0.0327287231842117,55.69448376193798,8.480516463313835,35.82499977474819,13.06807401540058,-0.01342498317210727
59,3,770,54.19780604140809,13.33412080511047,32.46807315348143,13.8531,12.25409654693527,-0.1154256775064589,54.35524160147778,11.98335777677685,33.66140062174537,12.50213188882638,-0.09752099610726983
50,37,770,52.62580657562726,32.38529118043115,14.98890224394159,8.027899999999999,8.701981269045596,0.08396732259315606,52.44538889100733,31.88838433188678,15.6662267771059,8.813008030692677,0.09779743528104211
52,33,770,52.21166109827438,31.97228667933988,15.81605222238573,8.6351,8.816189113726825,0.02097128159799254,52.11802546148277,31.34384517129497,16.53812936722227,8.945438615085614,0.03593920337756532
54,28,770,53.17326338067805,29.64561009127844,17.18112652804351,9.435599999999999,9.1861227087596,-0.02644000288698117,53.11331247538935,28.90097304426903,17.98571448034162,9.33503697508548,-0.01065783044157441
56,24,770,55.86398009067892,24.33709235503068,19.79892755429039,10.0428,9.988929700246217,-0.00536407174829555,55.86233924618763,23.35862504000788,20.77903571380449,10.1782036223329,0.01348265646362604
57,20,770,58.11889587280864,18.47974902850205,23.40135509868931,10.733,10.93399615534744,0.01872693145881282,58.28617505033711,17.10655268888481,24.60727226077808,11.18555083606058,0.04216443082647767
59,16,770,58.42586455834534,17.47449190759251,24.09964353406215,11.3402,11.1028339559197,-0.02093138075874277,58.62588100508363,16.02876516505599,25.34535382986038,11.36569157017274,0.002247894232265418
60,12,770,59.35006113499183,13.31724757610324,27.33269128890493,12.0304,11.82972096933492,-0.01668099403719565,59.6695842239324,11.59596591633011,28.7344498597375,12.135924297787,0.008771470423843034
62,7,770,62.64199087001035,6.116915615614319,31.24109351437533,12.8309,12.94831496929089,0.009150953502162204,63.22372392901547,3.855678153244212,32.92059791774032,13.33712832686961,0.03945384399142764
64,3,770,64.48864221308106,1.821741247132926,33.68961653978601,13.4381,13.62530011324347,0.0139305492028989,65.26592062060848,-0.8080623624319893,35.54214174182351,14.0691270431476,0.0469580553164214
55,37,770,52.18975252327246,44.50571037151833,3.304537105209214,7.6129,6.395296725753894,-0.1599394809134635,50.7392300144295,46.22138955176998,3.039380433800517,6.184049308445213,-0.1876880940974907
57,33,770,58.77899599651345,30.18737722935807,11.03362677412848,8.220099999999999,8.616123313854468,0.04817743261693522,57.87929562307603,30.75831324179629,11.36239113512768,8.580436513645466,0.04383602555266575
58,29,770,59.28163113439317,25.8337863454088,14.88458252019803,8.910299999999999,9.415953715277844,0.05674934797681836,58.82303402369083,25.62111881110584,15.55584716520332,9.4951259098469,0.06563481699234598
60,25,770,59.33390096374102,25.49391882060911,15.17218021564987,9.5175,9.477311711985754,-0.004222567692592162,58.90481557734112,25.22797213764359,15.86721228501529,9.56433329287418,0.00492075575247486
62,20,770,61.34511509695002,20.96429071572151,17.69059418732847,10.318,10.18595805160418,-0.01279724252721649,61.17416720345333,20.23444006862794,18.59139272791873,10.34122685684759,0.002251100683038677
64,16,770,66.12912358830729,11.17642800993824,22.69444840175446,10.9252,11.68087920784943,0.06916845530053752,66.67464820777344,9.282596637509972,24.04275515471658,12.00167826872413,0.09853167619120265
65,12,770,65.16724114124625,11.03785574353988,23.79490311521387,11.6154,11.7875014700503,0.01481666322729328,65.70967316969478,9.084080343347281,25.20624648695794,12.1201443965463,0.0434547580407306
67,8,770,66.24616935277915,9.930539975826024,23.82329067139483,12.2226,11.91199456639216,-0.02541238636688103,66.89386783285032,7.845394066600731,25.26073810054895,12.2612942967995,0.003165799158894333
68,4,770,66.27149108482323,8.046497558674909,25.68201135650187,12.9128,12.27407826186781,-0.04946423224491875,67.05030448541551,5.69780521525487,27.25189029932962,12.66343897960175,-0.01931115020741066
60,38,770,63.31236298626025,32.81384003497536,3.873796978764396,7.004599999999999,7.732158593379663,0.1038686853467241,61.03654193571565,35.77190189282093,3.191556171463418,7.349258383453315,0.04920457748526913
61,34,770,59.80802585486406,36.79442948590138,3.397544659234569,7.694799999999999,7.253570634421547,-0.05734123896377448,57.64357360074212,39.5277845576413,2.828641841616573,6.904862636146339,-0.1026585959158991
63,29,770,65.07026141354942,26.26543057250375,8.664308013946833,8.4953,8.852060573010423,0.04199505291283682,63.68169231644239,27.76931446352482,8.548993220032788,8.676611051935934,0.02134251314679102
65,25,770,63.45474731918976,28.45921614445993,8.086036536350313,9.102499999999999,8.562089491783144,-0.05936945984255478,61.9772060681146,30.06469637095293,7.958097560932476,8.374386087841287,-0.07999054239590352
66,21,770,65.56104064750532,22.54305207206338,11.8959072804313,9.792699999999998,9.530861660727206,-0.02673811505231368,64.73561413215231,23.09585342989347,12.16853243795423,9.492515559032951,-0.03065389943192864
68,17,770,70.71142159315082,10.74014955031065,18.54842885653853,10.3999,11.38488109969343,0.09471063180352038,71.28350621949734,9.202219796936445,19.51427398356621,11.63467989703391,0.1187299778876628
70,12,770,70.4975867332986,11.24463064747821,18.25778261922319,11.2004,11.30511319697868,0.009349058692428592,71.00118836272213,9.807035512350499,19.19177612492737,11.54120140135671,0.03042760984935453
72,8,770,62.61304080357819,27.15758602619286,10.22937317022896,11.8076,8.883556234439931,-0.2476408216369177,61.5042339522871,28.10944188343538,10.38632416427751,8.791593465892111,-0.2554292603160582
73,4,770,72.77158489317132,3.510180159702607,23.71823494712607,12.4978,12.61144062899626,0.009092850661417613,74.34787667125708,0.3957467626038125,25.2563765661391,13.08262838707434,0.04679450679914417
75,0,770,73.03474132828396,1.664396287922548,25.30086238379349,13.105,12.946388667297,-0.01210311581098816,74.84029269764403,-1.843841269821788,27.00354857217776,13.4746702235521,0.02820833449462764
68,30,770,71.93090181880734,23.61820369492523,4.45089448626743,7.887,8.794336374809943,0.115042015317604,69.7019139049787,26.9769962154094,3.321089879611904,8.330087777448131,0.05617950772766982
69,26,770,75.77756222802589,13.33192241342187,10.89051535855224,8.577199999999999,10.4634017325594,0.2199087968753676,75.47444746428677,13.91630138801619,10.60925114769704,10.37559980216067,0.2096721310171931
71,22,770,72.90621332757839,17.89504952174489,9.198737150676724,9.1844,9.819671221257707,0.06916850542852084,71.91177970442274,19.28983013017784,8.798390165399422,9.632598120369536,0.04879993471207005
73,17,770,75.59840097029586,12.59869087563494,11.8029081540692,9.9849,10.62000577320521,0.06360662332173676,75.4956796178224,12.82208079997995,11.68223958219764,10.58535037308462,0.06013584243053171
74,13,770,73.62558920848872,13.5733346401518,12.80107615135948,10.6751,10.59535050975409,-0.007470608260897225,73.51110451636183,13.56112793363453,12.92776755000364,10.60721229557041,-0.006359444354580643
76,9,770,76.73777205773153,6.361702671365669,16.9005252709028,11.2823,11.7310477928333,0.03977449569975097,77.96066322756718,4.505082422717921,17.5342543497149,11.98843251980055,0.06258763902755196
78,4,770,78.2795529295651,1.262045893282664,20.45840117715224,12.0828,12.58884363567456,0.04188132185210053,80.55518622744414,-2.13597928923625,21.58079306179211,13.0568043397315,0.08061081369645332
79,1,770,74.9052124372252,7.5383440728374,17.5564434899374,12.5797,11.65570545843084,-0.07345123823057477,75.92757318598029,5.739602151207888,18.33282466281182,11.91854632973515,-0.05255718898422461
76,22,770,75.82273035838453,21.22345331947374,2.953816322141723,8.769399999999999,8.934219853599808,0.01879488375485314,73.31280812414325,25.45375662813982,1.233435247716937,8.324825769476684,-0.05069608303000381
77,18,770,77.86183140061534,14.87317262079119,7.264995978593461,9.4596,9.992483726149988,0.05633258553744219,76.81308699017296,16.98975337615187,6.197159633675163,9.670394452205487,0.0222836538760082
79,14,770,79.39960058637425,12.84406196792153,7.756337445704224,10.0668,10.25707597293171,0.01890133636624396,78.68524264418475,14.65534145634609,6.659415899469158,9.966247357020967,-0.009988540845058408
81,9,770,79.58101484509776,11.41972107007552,8.999264084826724,10.8673,10.51734368501129,-0.03220269201997857,79.27114344649439,12.60108725932694,8.127769294178671,10.31470492671307,-0.05084934374563436
82,5,770,81.99548863921854,3.212426672100653,14.79208468868081,11.5575,11.9034123672278,0.0299296878414714,83.85117952735362,1.302861399502172,14.84595907314421,12.11850899070588,0.04854068706085927
84,1,770,82.04634457938552,2.751384527728451,15.20227089288603,12.1647,11.98831077070109,-0.01450008872384104,84.03013872387152,0.6412752892824555,15.32858598684603,12.23153997250037,0.005494584535612578
84,14,770,84.82688461774461,10.83694276113187,4.336172621123515,9.6518,10.19458754100041,0.05623692378627882,83.68676408145332,14.34277589532995,1.970460023216734,9.611540000672097,-0.004171242600126704
85,10,770,86.49842133999516,2.42660162008623,11.07497703991861,10.342,11.68156893561773,0.1295270678415908,88.30688453970174,1.655740700907087,10.03737475939117,11.68047390571941,0.1294211860103861
87,6,770,89.17328761709041,-0.6055941354274152,11.43230651833701,10.9492,12.04567847415962,0.1001423368063071,91.91056120028179,-2.114655843664988,10.2040946433832,12.11018639495705,0.1060339015596624
88,2,770,84.85253966832647,4.227458576186017,10.92000175548751,11.6394,11.47007146475215,-0.01454787491175276,86.18390836985006,3.81560992084919,10.00048170930075,11.43917820760229,-0.01720207161861485
92,6,770,90.18736177157732,5.779236350718361,4.033401877704324,10.5342,10.72732258636522,0.01833291435184655,89.8987709381606,9.221983999348611,0.8792450624907939,10.08579250505858,-0.04256682946416597
93,2,770,91.69339557967244,0.2316226946748642,8.074981725652695,11.2244,11.67467550000654,0.04011577456314237,93.72544232430128,0.5494579614372143,5.725099714261502,11.44457806313718,0.0196160207349328
